Feature ID	Area	Feature	User Story	Expected Behavior	Implementation Evidence	Existing Automated Coverage	Implementation Status	Test Status	Defect Log	Fix Status	Retest Status	Notes
F001	Launch and onboarding	CloudKit existing-home recovery	As a returning user with iCloud data, I want Cubby to look for existing homes before starting a new inventory.	When onboarding is incomplete, there are no local homes, and CloudKit is enabled, the app shows "Looking for your homes" before allowing a new home setup after a delay.	Cubby/CubbyApp.swift LaunchContentView and ExistingHomesRecoveryView	CubbyUITests/CoreUserBehaviorUITests.swift: forced recovery screen UI test	Documented and covered	Passed focused UI test	None recorded	No fix required	Passed	CloudKit path is exercised with DEBUG-only FORCE_EXISTING_HOMES_RECOVERY to avoid iCloud account dependence; xcresult 2026.06.21_13-53-24 passed.
F002	Launch and onboarding	Set up new home after recovery wait	As a new user after CloudKit recovery, I want an explicit way to create a fresh home.	After the recovery delay, "Set Up a New Home" switches to the standard onboarding home-name form.	Cubby/CubbyApp.swift ExistingHomesRecoveryView	CubbyUITests/CoreUserBehaviorUITests.swift: forced recovery setup UI test	Documented and covered	Passed focused UI test	None recorded	No fix required	Passed	Verified 3-second recovery gate reveals Set Up a New Home and completes onboarding; xcresult 2026.06.21_13-53-24 passed.
F003	Launch and onboarding	Onboarding first home	As a first-time user, I want to name my first home so my inventory has a root container.	Entering a non-empty trimmed home name and tapping Get Started creates a home through AppStore, creates the default location in the repository, and marks onboarding complete.	Cubby/Views/Onboarding/OnboardingView.swift; Cubby/AppData/CoreDataAppRepository.swift	CubbySnapshotTests; CoreUserBehaviorUITests	Documented from code	UI tests passed 2026-06-21 on iPhone 16e simulator for onboarding visibility and first-home form submission	None recorded	Not needed	Passed	Save errors are only logged with no visible onboarding error message; failure path still needs fault-injection validation.
F004	Launch and onboarding	Auto-complete onboarding when homes exist	As a returning user with existing local data, I want Cubby to skip onboarding and open my inventory.	If homes become available while onboarding is incomplete, Cubby chooses a preferred home, stores lastUsedHomeId, and marks onboarding complete.	Cubby/CubbyApp.swift LaunchContentView; Cubby/Services/HomeLaunchSelectionService.swift	HomeLaunchSelectionServiceTests	Documented from code	Unit tests passed 2026-06-21 on iPhone 16e simulator	None recorded	Not needed	Passed partial	Preferred-home selection is unit-covered; full LaunchContentView auto-complete UI path still needs direct validation.
F005	Launch and onboarding	Runtime initialization failure	As a user, I want a clear message if the runtime data stack cannot start.	If AppStore/Core Data setup fails, the app shows "Cubby Couldn't Start" with relaunch guidance.	Cubby/CubbyApp.swift RuntimeInitializationFailureView	CubbyUITests/CoreUserBehaviorUITests.swift: runtime initialization failure UI test	Documented and covered	Passed focused UI test	None recorded	No fix required	Passed	Exercised fallback by launching with USE_CORE_DATA_SHARING_STACK=0; xcresult 2026.06.21_13-53-24 passed.
F006	Launch and onboarding	UI testing seed mode	As a tester, I want deterministic seeded data for UI tests and snapshots.	UI-TESTING or -ui_testing uses in-memory storage, clears defaults, seeds data unless disabled, and marks onboarding complete unless SNAPSHOT_ONBOARDING is present.	Cubby/CubbyApp.swift; Cubby/Utils/MockDataGenerator.swift	CubbyUITests; CubbySnapshotTests; CoreUserBehaviorUITests	Documented from code	UI tests passed 2026-06-21 on iPhone 16e simulator across onboarding, seeded, empty, item-limit, missing-photo, shared, and hard-paywall launch states	None recorded	Not needed	Passed	Seed priority is encoded in CubbyApp.
F007	Launch and onboarding	Persistent mock seed mode	As a developer, I want to preview seeded data outside UI tests.	SEED_MOCK_DATA and specialized seed arguments clear SwiftData seed data, create deterministic homes/locations/items, and set lastUsedHomeId.	Cubby/CubbyApp.swift; Cubby/Utils/MockDataGenerator.swift	CubbySnapshotTests uses seeded mock data	Documented from code	UI tests passed 2026-06-21 on iPhone 16e simulator using SEED_MOCK_DATA, SEED_ITEM_LIMIT_REACHED, and SEED_MISSING_LOCAL_PHOTO	None recorded	Not needed	Passed partial	Persistent non-UI-test seeding path still needs manual simulator validation.
F008	Persistence and migration	Core Data sharing stack startup	As a user, I want production runtime persistence to use Core Data and CloudKit sharing.	When the sharing stack is enabled, the app creates a PersistenceController, migrates legacy SwiftData data when needed, wires AppStore to CoreDataAppRepository, and starts remote-change handling.	Cubby/CubbyApp.swift; Cubby/Services/PersistenceController.swift; Cubby/AppData/CoreDataAppRepository.swift	PersistenceControllerTests; CoreDataAppRepositoryTests	Documented from code	Unit tests passed 2026-06-21 on iPhone 16e simulator	None recorded	Not needed	Passed partial	FeatureGate enables the Core Data sharing stack by default; full app startup with production CloudKit remains integration-level.
F009	Persistence and migration	Private and shared stores	As a user sharing homes, I want owned and shared records stored in the correct CloudKit scopes.	The runtime creates Private.sqlite with private CloudKit scope and Shared.sqlite with shared CloudKit scope; repository objects preserve store placement for home/location/item graphs.	Cubby/Services/PersistenceController.swift; Cubby/AppData/CoreDataAppRepository.swift	PersistenceControllerTests; CoreDataModelTests; CoreDataAppRepositoryTests	Documented from code	Unit tests passed 2026-06-21 on iPhone 16e simulator	None recorded	Not needed	Passed partial	Store descriptions and repository placement are unit-covered; real CloudKit sync remains integration-level.
F010	Persistence and migration	Legacy SwiftData migration	As an existing user, I want legacy SwiftData homes, locations, items, photos, emoji, and tags copied into Core Data.	Migration opens the legacy store when available, upserts homes, locations, parent relationships, and items into the private store, records completion, and retries later if the source is unavailable.	Cubby/Services/DataMigrationService.swift	DataMigrationTests	Documented from code	Unit tests passed 2026-06-21 on iPhone 16e simulator	None recorded	Not needed	Passed partial	Core migration paths are unit-covered; live upgrade from an installed legacy app store remains integration-level.
F011	Persistence and migration	Migration recovery message	As a user, I want Cubby to recover if migration fails.	On migration failure, Cubby resets Core Data stores, posts a recovery message, and AppStore refreshes while exposing recoveryMessage.	Cubby/Services/DataMigrationService.swift; Cubby/AppData/AppStore.swift; Cubby/Views/Home/HomeSearchContainer.swift	DataMigrationTests; CubbyTests/AppStoreRecoveryTests.swift; CubbyUITests/CoreUserBehaviorUITests.swift	Documented and fixed	Passed focused unit and UI tests	D013: recoveryMessage was held in AppStore but not surfaced to the user	Fixed	Passed	Added Storage Recovered alert and DEBUG-only FORCE_MIGRATION_RECOVERY_MESSAGE hook; unit xcresult 2026.06.21_13-52-39 and UI xcresult 2026.06.21_13-55-17 passed.
F012	Persistence and migration	Remote change refresh	As a user with iCloud changes, I want Cubby to refresh after remote store changes.	RemoteChangeHandler debounces NSPersistentStoreRemoteChange, processes pending changes, posts private/shared scope flags, and AppStore refreshes on the notification.	Cubby/Services/RemoteChangeHandler.swift; Cubby/AppData/AppStore.swift	RemoteChangeHandlerTests	Documented from code	Unit tests passed 2026-06-21 on iPhone 16e simulator	None recorded	Not needed	Passed	CloudSyncCoordinator also marks sync complete on remote-change notification; real CloudKit remote delivery still needs manual/integration validation.
F013	Persistence and migration	Orphaned photo cleanup	As a user, I want unused local photo files cleaned up.	On startup, DataCleanupService reads active Core Data photoFileName values and deletes files in Documents/ItemPhotos that are no longer referenced.	Cubby/Services/DataCleanupService.swift; Cubby/CubbyApp.swift	AppStorePhotoTests	Documented from code	Unit test passed 2026-06-21 on iPhone 16e simulator preserving active photo metadata and deleting orphan file	None recorded	Not needed	Passed focused unit retest	Photo files are local only; startup invocation remains covered by code inspection.
F014	CloudKit sync	CloudKit mode resolution	As a developer or tester, I want explicit launch flags for CloudKit behavior.	UI tests and XCTest use in-memory non-CloudKit stores; DISABLE_CLOUDKIT uses a persistent local store; normal launches use CloudKit; strict startup and schema init flags are honored.	Cubby/Services/CloudKitSyncSettings.swift	CloudKitSyncSettingsTests; CloudKitStartupBehaviorTests	Documented from code	Unit tests passed 2026-06-21 on iPhone 16e simulator	None recorded	Not needed	Passed	Forced availability launch args support account-state testing.
F015	CloudKit sync	Cloud sync state	As a user, I want sync state to reflect iCloud availability.	CloudSyncState starts checking when enabled, disabled when off, maps available to synced, temporary/error to offline, and no-account/restricted/unknown to iCloud unavailable.	Cubby/Services/CloudSyncState.swift; Cubby/Services/CloudSyncCoordinator.swift	CloudSyncStateTests; CloudSyncCoordinatorTests	Documented from code	Unit tests initially failed, then passed 2026-06-21 on iPhone 16e simulator	D001: CloudSyncCoordinator polling task could still perform its initial refresh after stop() if stop happened before the scheduled task executed; tests also used fixed sleeps that made the intended behavior race-prone.	Fixed in Cubby/Services/CloudSyncCoordinator.swift; tests hardened in CubbyTests/CloudSyncCoordinatorTests.swift	Passed after focused and full unit retest	Need locate any visible sync UI before manual testing.
F016	Home navigation	Last used home restore	As a returning user, I want Cubby to reopen my last selected home.	MainNavigationView restores selectedHome from lastUsedHomeId when available, otherwise uses preferredHomeForLaunch, then updates canAddItem.	Cubby/Views/MainNavigationView.swift; Cubby/Services/HomeLaunchSelectionService.swift	HomeLaunchSelectionServiceTests; MainNavigationSelectionTests	Documented from code	Unit tests passed 2026-06-21 on iPhone 16e simulator	None recorded	Not needed	Passed	Selection is also synchronized when homes change; UI-level launch behavior still needs simulator validation.
F017	Home navigation	Home picker switch home	As a user with multiple homes, I want to switch between homes quickly.	The home title opens a popover listing homes; selecting one closes the popover, stores lastUsedHomeId, clears selectedLocation if it belongs to another home, and clears search via HomeView on selected home change.	Cubby/Views/Home/HomeView.swift; Cubby/Views/MainNavigationView.swift	HomePickerEditTests; CoreUserBehaviorUITests	Documented from code	UI test passed 2026-06-21 on iPhone 16e simulator switching from Main Home to Beach House	None recorded	Not needed	Passed partial	Clearing selectedLocation/search on home change still needs direct assertion.
F018	Home navigation	Home picker utility actions	As a user, I want Pro, manage homes, and add-home actions near home selection.	The picker includes Cubby Pro, Manage Homes, and Add New Home rows; Pro opens status; Manage Homes enables edit mode; Add New Home checks free-tier gates before showing AddHomeView.	Cubby/Views/Home/HomeView.swift; Cubby/Views/Home/AddHomeView.swift	HomePickerEditTests; ProPaywallTests partially; CoreUserBehaviorUITests	Documented from code	UI tests passed 2026-06-21 on iPhone 16e simulator for Manage Homes entry/exit and Add New Home entry	None recorded	Not needed	Passed partial	Cubby Pro status action still needs direct UI validation.
F019	Home management	Add home	As a user, I want to add another home when allowed.	AddHomeView trims the name, disables Save while blank, checks FeatureGate, creates the home through AppStore, selects the new home, and dismisses.	Cubby/Views/Home/AddHomeView.swift; Cubby/AppData/AppStore.swift; Cubby/AppData/CoreDataAppRepository.swift	FeatureGateTests; CoreUserBehaviorUITests	Documented from code	UI test passed 2026-06-21 on iPhone 16e simulator adding Cabin while Pro	None recorded	Not needed	Passed partial	Repository-created Unsorted root location inferred by empty-state behavior; blank-name disabled state still needs direct assertion.
F020	Home management	Free-tier home limit	As a free user, I want clear upgrade guidance when I hit the home limit.	Free users with one owned home are denied additional home creation with homeLimitReached; users already over the owned-home limit are denied with overLimit; AddHomeView offers Upgrade, Restore Purchases, or Cancel.	Cubby/Services/FeatureGate.swift; Cubby/Views/Home/AddHomeView.swift	FeatureGateTests	Documented from code	Unit tests passed 2026-06-21 on iPhone 16e simulator	None recorded	Not needed	Passed partial	Gate logic is covered; AddHomeView alert/paywall UI still needs direct validation.
F021	Home management	Delete owned home	As a user, I want to delete an owned home only after confirmation.	In Manage Homes edit mode, deleting an owned home asks for confirmation, deletes the home and all items, refreshes selection, removes hidden shared-home state, and deletes associated local photos.	Cubby/Views/Home/HomeView.swift; Cubby/AppData/AppStore.swift; Cubby/AppData/CoreDataAppRepository.swift	HomePickerEditTests; AppStoreHomeDeletionTests	Documented from code	UI confirmation test and unit cleanup tests passed 2026-06-21 on iPhone 16e simulator	None recorded	Not needed	Passed partial	Collaborator shared homes use leave instead of delete; destructive confirm path still needs end-to-end UI deletion validation.
F022	Home management	Shared home leave	As a collaborator, I want to leave a shared home without deleting the owner's data.	Manage Homes uses a Leave Shared Home confirmation for shared homes not owned by the current user; AppStore calls leaveSharedHome, hides the home locally, and refreshes selection.	Cubby/Views/Home/HomeView.swift; Cubby/AppData/AppStore.swift; Cubby/Services/HomeSharingService.swift	HomePickerEditTests; HomeSharingServiceTests; AppStoreHomeDeletionTests	Documented from code	UI confirmation and unit behavior tests passed 2026-06-21 on iPhone 16e simulator	None recorded	Not needed	Passed partial	Owners cannot leave their own share; confirming the destructive leave action end-to-end still needs direct UI validation.
F023	Home view	Item grouping by location	As a user, I want home items grouped by storage location path.	HomeView groups selected-home items by storageLocationID, hides empty locations, sorts sections by full path, and sorts items alphabetically inside each section.	Cubby/Views/Home/HomeView.swift	CubbySnapshotTests indirectly	Documented from code	UI snapshot and section-collapse tests passed 2026-06-21 on iPhone 16e simulator for visible grouped seeded items	None recorded	Not needed	Passed partial	Empty locations remain available in location management and pickers; sort order needs direct assertion if critical.
F024	Home view	Location section collapse	As a user with many items, I want to collapse location sections.	When not searching, a long press on a section title collapses it, showing item count and an expand button; collapsed state clears when the selected home changes; search disables collapse.	Cubby/Views/Home/HomeView.swift; Cubby/Views/Home/LocationSectionHeader.swift	HomeSectionCollapseUITests	Documented from code	UI test passed 2026-06-21 on iPhone 16e simulator	None recorded	Not needed	Passed	Accessibility action and search-disabled collapse behavior still need direct validation.
F025	Home view	Home empty state	As a user with no items, I want a useful empty message.	When the selected home has no displayed sections and no search query, HomeView shows a "No Items" ContentUnavailableView.	Cubby/Views/Home/HomeView.swift	CoreUserBehaviorUITests	Documented from code	UI test passed 2026-06-21 on iPhone 16e simulator using SEED_EMPTY_HOME	None recorded	Not needed	Passed	SEED_EMPTY_HOME exercises this state.
F026	Home view	Inline home search	As a user, I want to filter the current home from the main screen.	The navigation search text filters displayed home sections by item title or description only; no-results state mentions the trimmed query; changing homes clears the query.	Cubby/Views/MainNavigationView.swift; Cubby/Views/Home/HomeView.swift	CoreUserBehaviorUITests	Documented from code	UI test passed 2026-06-21 on iPhone 16e simulator filtering to Passport and restoring list after close	None recorded	Not needed	Passed partial	No-results copy and search-clears-on-home-change still need direct validation; dedicated SearchView includes tags while inline search does not.
F027	Home view	Add item toolbar button	As a user, I want the bottom toolbar to either add an item or cancel search based on context.	The toolbar shows xmark while search is engaged and clears/dismisses search; otherwise it shows plus, checks item creation gates for the selected home, then opens AddItemView.	Cubby/Views/MainNavigationView.swift	ProPaywallTests; CoreUserBehaviorUITests	Documented from code	UI tests passed 2026-06-21 on iPhone 16e simulator for opening AddItemView, item-limit paywall, and search cancel/close behavior	None recorded	Not needed	Passed partial	No-home disabled state still needs direct validation.
F028	Location management	Default Unsorted location	As a user, I want every home to have a fallback storage location.	Repository createHome creates an "Unsorted" root CDStorageLocation assigned to the private store; preferred-location fallback selects Unsorted for the current home.	Cubby/AppData/CoreDataAppRepository.swift; Cubby/Services/LastUsedLocationService.swift	CoreDataAppRepositoryTests; LastUsedLocationServiceTests; CoreUserBehaviorUITests	Documented from code	Unit and UI tests passed 2026-06-21 on iPhone 16e simulator	None recorded	Not needed	Passed partial	Repository fallback is unit-covered and empty-home item creation verified the preferred location path.
F029	Location management	Add root location	As a user, I want to create top-level storage locations in a home.	AddLocationView trims non-empty names, creates a location through AppStore for the selected home, dismisses on success, and shows localized errors for failures.	Cubby/Views/Home/AddLocationView.swift; Cubby/AppData/AppStore.swift; Cubby/AppData/CoreDataAppRepository.swift	CoreDataAppRepositoryTests; StorageLocationTests	Documented from code	Unit tests passed 2026-06-21 on iPhone 16e simulator	None recorded	Not needed	Passed partial	Repository creation is covered; AddLocationView root-location UI still needs direct validation.
F030	Location management	Add nested location	As a user, I want to model shelves, drawers, and nested storage.	AddLocationView can create a child under a parent, shows "Inside" context, and repository sets depth and parentLocation while preserving the parent's persistent store.	Cubby/Views/Home/AddLocationView.swift; Cubby/AppData/CoreDataAppRepository.swift	StorageLocationTests; StorageLocationPickerUITests	Documented from code	UI and unit tests passed 2026-06-21 on iPhone 16e simulator	None recorded	Not needed	Passed partial	UI verified child creation from picker; max nesting depth and duplicate validation remain unit-level.
F031	Location management	Location depth limit	As a user, I should not be able to create locations deeper than the app supports.	Repository denies creating a location when parent depth is at maxDepth - 1; LocationDetail hides Add Nested Location at max depth.	Cubby/AppData/CoreDataAppRepository.swift; Cubby/Views/Home/LocationDetailView.swift	StorageLocationTests; CoreDataAppRepositoryTests	Documented from code	Unit tests passed 2026-06-21 on iPhone 16e simulator	None recorded	Not needed	Passed partial	Error behavior is unit-covered; max-depth UI hiding still needs direct validation.
F032	Location management	Duplicate same-level location prevention	As a user, I should not accidentally create duplicate locations at the same level.	Repository trims the draft name and denies creating a location with a case-insensitive duplicate sibling under the same parent/home.	Cubby/AppData/CoreDataAppRepository.swift	CoreDataAppRepositoryTests; StorageLocationTests	Documented from code	Unit tests passed 2026-06-21 on iPhone 16e simulator	None recorded	Not needed	Passed	Duplicate sibling prevention is repository/unit covered.
F033	Location management	Delete empty leaf location	As a user, I want to delete a location only when it is safe.	Location row and picker deletion paths confirm deletion, then StorageLocationDeletionService/AppStore delete only if the location has no child locations and no items.	Cubby/Views/Home/StorageLocationRow.swift; Cubby/Views/Home/StorageLocationPicker.swift; Cubby/Services/StorageLocationDeletionService.swift	StorageLocationDeletionServiceTests	Documented from code	Unit tests passed 2026-06-21 on iPhone 16e simulator	None recorded	Not needed	Passed partial	Service behavior is covered; context menu/swipe UI still needs direct validation.
F034	Location management	Delete blocked for non-empty locations	As a user, I want Cubby to explain why a location cannot be deleted.	Delete attempts for locations with children or items produce localized "can't be deleted" messages with counts.	Cubby/AppData/CoreDataAppRepository.swift; Cubby/Services/StorageLocationDeletionService.swift	StorageLocationDeletionServiceTests	Documented from code	Unit tests passed 2026-06-21 on iPhone 16e simulator	None recorded	Not needed	Passed partial	Service-level block and copy are covered; disabled-delete UI still needs direct validation.
F035	Location management	Location picker tree	As a user, I want to pick an item's storage location from a nested tree.	StorageLocationPicker lists root locations, recursively displays children, supports disclosure expansion, selection highlight/checkmark, search that auto-expands matches, Cancel, and Done disabled until selected.	Cubby/Views/Home/StorageLocationPicker.swift	StorageLocationPickerUITests	Documented from code	UI test passed 2026-06-21 on iPhone 16e simulator for search, add child, auto-select, and Done flow	None recorded	Not needed	Passed partial	Cancel and disabled Done states still need direct validation.
F036	Location detail	Location detail screen	As a user, I want a focused view of one storage location.	LocationDetailView shows nested child locations, item counts, items in the selected location, the full path as a top safe-area inset, and add actions when mutation is allowed.	Cubby/Views/Home/LocationDetailView.swift; Cubby/Views/Home/HomeView.swift; Cubby/Views/Home/LocationSectionHeader.swift	CoreUserBehaviorUITests	Documented from code	UI test passed 2026-06-21 on iPhone 16e simulator opening the Garage location detail from the compact home list	D004: Compact iPhone home list had no tap path into LocationDetailView; only split-view selection could show the detail.	Fixed compact navigationDestination and made section-header tap open detail while long press still collapses.	Passed after fix	Focused location-detail test, full CoreUserBehaviorUITests class, and HomeSectionCollapseUITests regression passed.
F037	Item creation	Add item required fields	As a user, I want to add an item with at least a name and storage location.	AddItemView disables Save until the trimmed title is non-empty and a location is selected; on title submit it applies preferred location or opens the picker.	Cubby/Views/Items/AddItemView.swift	CubbySnapshotTests; CoreUserBehaviorUITests	Documented from code	UI test passed 2026-06-21 on iPhone 16e simulator creating an item from an empty home with preferred location applied	None recorded	Not needed	Passed partial	Blank-title disabled state still needs direct assertion.
F038	Item creation	Item save normalization	As a user, I want saved item data to be clean.	On save, title is title-cased, description is trimmed and stored as nil when empty, tags are saved sorted, selected emoji is sanitized to one emoji, and LastUsedLocationService remembers the location.	Cubby/Views/Items/AddItemView.swift; Cubby/AppData/AppStore.swift; Cubby/AppData/CoreDataAppRepository.swift	CoreDataAppRepositoryTests; LastUsedLocationServiceTests; TagTests; CoreUserBehaviorUITests	Documented from code	UI and unit tests passed 2026-06-21 on iPhone 16e simulator for title-casing and base persistence	None recorded	Not needed	Passed partial	Tags, emoji sanitization, and nil-empty-description normalization remain unit-level or unverified in UI.
F039	Item creation	Preferred item location	As a repeat user, I want new items to default to where I last put things.	AddItemView applies the app-store preferred location if no preselected location is set; LastUsedLocationService restores last used location for the same home or falls back to Unsorted.	Cubby/Views/Items/AddItemView.swift; Cubby/Services/LastUsedLocationService.swift	LastUsedLocationServiceTests; CoreUserBehaviorUITests	Documented from code	UI and unit tests passed 2026-06-21 on iPhone 16e simulator for fallback location enabling save in an empty seeded home	None recorded	Not needed	Passed partial	Location detail preselected-location path still needs direct UI validation.
F040	Item creation	Free-tier item limit	As a free user, I want item creation blocked only when I hit the limit.	Free users can create up to 10 owned items per owned home; item creation then shows Cubby Pro Required with Upgrade, Restore Purchases, and Cancel; users already over home limit get overLimit.	Cubby/Services/FeatureGate.swift; Cubby/Views/Items/AddItemView.swift; Cubby/Views/MainNavigationView.swift; Cubby/Views/Home/LocationDetailView.swift	FeatureGateTests; ProPaywallTests partially	Documented from code	UI paywall test and FeatureGate unit tests passed 2026-06-21 on iPhone 16e simulator	None recorded	Not needed	Passed partial	Over-home-limit item creation path still needs direct UI validation.
F041	Item creation	Read-only shared add gating	As a read-only collaborator, I should not be able to add items.	AddItemView shows a lock message, disables the form, and save exits when the selected home permission cannot add items.	Cubby/Views/Items/AddItemView.swift; Cubby/Services/HomeSharingService.swift	SharedHomePermissionGatingTests; CoreUserBehaviorUITests	Documented from code	UI and unit tests passed 2026-06-21 on iPhone 16e simulator with MOCK_SHARED_HOMES_READ_ONLY	None recorded	Not needed	Passed	Verified Add Item opens a read-only message and disabled Save.
F042	Item photos	Add photo during item creation	As a user, I want to attach a photo when creating an item.	AddItemView offers Take Photo or Choose from Gallery; selected photos preview in the form and can be removed before save.	Cubby/Views/Items/AddItemView.swift; Cubby/Utils/ImagePicker.swift; Cubby/Utils/PhotoLibraryPicker.swift; Cubby/AppData/AppStore.swift	AppStorePhotoTests	Documented from code	Unit test passed 2026-06-21 on iPhone 16e simulator for selected-image save path	None recorded	Not needed	Passed focused unit retest	Camera/gallery picker presentation still requires device or simulator privacy/system UI validation; persistence path is covered.
F043	Item photos	Photo persistence and rollback	As a user, I want photo files saved only when item saves succeed.	AppStore saves selected photos as compressed JPEGs under Documents/ItemPhotos, caches them, and deletes a newly saved photo if repository item creation or update fails.	Cubby/AppData/AppStore.swift; Cubby/Services/PhotoService.swift	AppStorePhotoTests; AppStoreHomeDeletionTests	Documented from code	Unit tests passed 2026-06-21 on iPhone 16e simulator for save, load, create rollback, replacement, removal, orphan cleanup, and home-delete cleanup	D011: initial rollback test was order-dependent because Swift Testing ran photo tests in parallel against shared ItemPhotos directory.	Fixed test isolation by serializing AppStorePhotoTests.	Passed focused unit retest	Photo compression is 0.7 JPEG quality.
F044	Item photos	Missing local photo state	As a user on another device, I want Cubby to explain when a synced photo file is missing locally.	If photo metadata exists but PhotoService cannot load an image, detail/edit views show iCloud-slash missing-photo messaging rather than a generic blank image.	Cubby/Views/Items/ItemDetailView.swift; Cubby/Views/Items/ItemEditView.swift; Cubby/Services/SyncedPhotoPresenceState.swift	MissingLocalPhotoUITests; SyncedPhotoPresenceStateTests	Documented from code	UI and unit tests passed 2026-06-21 on iPhone 16e simulator	None recorded	Not needed	Passed partial	Detail placeholder verified; edit-view placeholder still needs direct UI validation.
F045	Item emoji	Deterministic fallback emoji	As a user, I want items to have a visual marker even without manual emoji selection.	When no emoji is selected, AppStore assigns a deterministic fallback emoji from the item UUID; ItemRow and detail views display fallback/pending emoji state.	Cubby/Utils/EmojiPicker.swift; Cubby/AppData/AppStore.swift; Cubby/Views/Items/ItemRow.swift	CubbyTests/EmojiTests.swift: fallback hash and AppStore new-item fallback	Documented and fixed	Passed focused unit test	D012: fallback emoji used randomized Swift hashValue and could change across launches	Fixed	Passed	SearchResultRow uses item emoji or fallback; focused EmojiTests xcresult 2026.06.21_13-48-18 passed.
F046	Item emoji	Manual emoji picker	As a user, I want to choose an emoji for an item.	Add/edit forms present MCEmojiPicker from the emoji button, resign text input first, store only the first emoji-like character, and clear pending AI state when changed in edit.	Cubby/Views/Items/ItemEmojiPickerButton.swift; Cubby/Views/Items/AddItemView.swift; Cubby/Views/Items/ItemEditView.swift	CubbyTests/EmojiTests.swift: create/edit manual emoji persistence	Documented from code	Passed focused unit test	None recorded	No fix required	Passed	External MCEmojiPicker presentation still benefits from manual device smoke testing.
F047	Item emoji	AI emoji enhancement	As a user, I want Cubby to suggest a better emoji when available.	On iOS 26 with FoundationModels support and no manual emoji, new items save with pending AI emoji, then a background coordinator requests one emoji and updates the Core Data item or clears pending on failure/timeout.	Cubby/Views/Home/FoundationModelEmojiService.swift; Cubby/Views/Home/EmojiAssignmentCoordinator.swift; Cubby/AppData/AppStore.swift	CubbyTests/EmojiTests.swift: coordinator success and unavailable fallback paths	Documented from code	Passed focused unit test	None recorded	No fix required	Passed	Live FoundationModels availability remains runtime-dependent; focused EmojiTests xcresult 2026.06.21_13-48-18 passed.
F048	Tags	Tag input normalization	As a user, I want tags to stay consistent.	Tag input lowercases, preserves in-progress word separators while typing, stores spaces as hyphens, removes unsupported characters, trims final hyphens, caps length at 30, rejects invalid/duplicate tags, supports deleting chips, and offers a visible Add Tag action.	Cubby/Views/Items/TagInputView.swift; Cubby/Utils/TagHelpers.swift	TagTests; CoreUserBehaviorUITests	Documented from code	Unit and UI tests passed 2026-06-21 on iPhone 16e simulator for multi-word tag entry, chip display, save, and reopen	D006: Live tag formatting trimmed the separator created by a typed space, so "Emergency Kit" became "emergencykit" instead of "emergency-kit".	Fixed with formatAsTagInput editing formatter plus explicit Add Tag button.	Passed after fix	Focused TagTests, focused tag UI test, and full CoreUserBehaviorUITests class passed.
F049	Tags	Tag suggestions	As a user, I want existing tags suggested while typing.	Add/edit forms request up to 5 suggestions from known item tags that contain the formatted input and are not equal to it; tapping a suggestion adds it.	Cubby/Views/Items/TagInputView.swift; Cubby/Utils/TagSuggestionService.swift	TagTests; CoreUserBehaviorUITests	Documented from code	Unit and UI tests passed 2026-06-21 on iPhone 16e simulator creating a known tag and reusing it from suggestions	D006 initially blocked the UI suggestion story because multi-word seed tags were saved without hyphens.	Fixed tag editing formatter and reran suggestion flow.	Passed after fix	CoreUserBehaviorUITests verifies typed "emer" suggests and adds "emergency-kit".
F050	Item detail	Item detail display	As a user, I want a complete item detail screen.	ItemDetailView shows a large emoji badge, title, optional photo card, optional description, optional tags, location, home, added date, and updated date.	Cubby/Views/Items/ItemDetailView.swift	CubbySnapshotTests; CoreUserBehaviorUITests	Documented from code	UI tests passed 2026-06-21 on iPhone 16e simulator for seeded and newly-created item detail entry	None recorded	Not needed	Passed partial	Exact metadata fields still need direct assertions.
F051	Item editing	Edit item	As a user, I want to update item details after creation.	ItemEditView loads the current item once, validates title and description length, allows editing title/description/emoji/tags/photo, saves through AppStore.updateItem, and dismisses on success.	Cubby/Views/Items/ItemEditView.swift; Cubby/AppData/AppStore.swift	CoreUserBehaviorUITests	Documented from code	UI test passed 2026-06-21 on iPhone 16e simulator editing an item title and saving	None recorded	Not needed	Passed partial	Description, tags, emoji, photo edit, validation errors, and missing-item state still need direct validation.
F052	Item editing	Edit photo replacement/removal	As a user, I want to change or remove an item photo.	Edit photo menu supports camera, library, and remove; replacing deletes the old local photo after successful save; removing clears photo metadata and deletes the old local file.	Cubby/Views/Items/ItemEditView.swift; Cubby/AppData/AppStore.swift	AppStorePhotoTests	Documented from code	Unit test passed 2026-06-21 on iPhone 16e simulator for replacement deleting old file and removal clearing metadata/deleting file	None recorded	Not needed	Passed focused unit retest	Camera unavailable alert and system picker UI still require simulator/device UI validation.
F053	Item editing	Read-only shared edit gating	As a read-only collaborator, I should not be able to mutate items.	ItemDetailView hides the actions menu and ItemEditView disables the form/save when the home permission cannot edit items.	Cubby/Views/Items/ItemDetailView.swift; Cubby/Views/Items/ItemEditView.swift; Cubby/Services/HomeSharingService.swift	SharedHomePermissionGatingTests; CoreUserBehaviorUITests	Documented from code	UI and unit tests passed 2026-06-21 on iPhone 16e simulator for hidden item actions on read-only shared homes	None recorded	Not needed	Passed partial	ItemEditView disabled-form state still needs direct UI validation.
F054	Item movement	Move item	As a user, I want to move an item to another location in the same home.	Item detail's Move Item action opens StorageLocationPicker preselected to the current location; Done commits only if a different location is chosen; repository rejects invalid move targets.	Cubby/Views/Items/ItemDetailView.swift; Cubby/AppData/CoreDataAppRepository.swift	CoreDataAppRepositoryTests; CoreUserBehaviorUITests	Documented from code	UI test passed 2026-06-21 on iPhone 16e simulator moving Roof Cargo Box to Kitchen and verifying detail updates	None recorded	Not needed	Passed	Move preserves item store by assigning the selected location relationship.
F055	Item deletion	Delete item confirmation	As a user, I want deletion to require confirmation.	Item detail's Delete action shows a confirmation dialog, records an undo snapshot when possible, deletes the item, refreshes AppStore, and dismisses detail.	Cubby/Views/Items/ItemDetailView.swift; Cubby/AppData/AppStore.swift	CoreUserBehaviorUITests	Documented from code	UI test passed 2026-06-21 on iPhone 16e simulator confirming deletion from item detail	None recorded	Not needed	Passed partial	Photo-retention behavior during undo window still needs photo-backed validation.
F056	Undo	Undo deleted item	As a user, I want a short chance to undo accidental item deletion.	After item deletion, MainNavigationView shows an undo overlay for 8 seconds with the item title and countdown; tapping undo restores the latest deleted item snapshot if the original location still exists.	Cubby/Services/UndoManager.swift; Cubby/Views/MainNavigationView.swift	CoreUserBehaviorUITests	Documented from code	UI test passed 2026-06-21 on iPhone 16e simulator deleting and restoring a newly-created item	None recorded	Not needed	Passed partial	Auto-hide timeout, max stack size, and missing-location restore failure still need direct validation.
F057	Undo	Dismiss undo	As a user, I want to hide the undo prompt when I do not need it.	The x button cancels the timer and hides the overlay without clearing the saved snapshots; later undo availability depends on internal stack state.	Cubby/Services/UndoManager.swift; Cubby/Views/MainNavigationView.swift	CoreUserBehaviorUITests	Documented from code	UI test passed 2026-06-21 on iPhone 16e simulator dismissing the undo prompt after deletion	D005: The undo close button had no explicit accessibility label, making the dismiss action unclear to UI automation and assistive technologies.	Fixed with Dismiss Undo accessibility label and hint.	Passed after fix	Need still verify whether hidden snapshots can reappear with future deletions as intended.
F058	Search	Dedicated search	As a user, I want a dedicated search screen that finds items across homes.	SearchView searches AppStore by title, description, and tags; if multiple homes exist, a segmented picker filters by all homes or one home; results navigate to item detail.	Cubby/Views/Search/SearchView.swift; Cubby/AppData/AppStore.swift; Cubby/Views/Home/HomeView.swift	AppStoreSearchTests; CoreUserBehaviorUITests	Implemented and wired into Home Picker utility menu	UI and unit tests passed 2026-06-21 on iPhone 16e simulator	D009: SearchView was compiled but unreachable; D010: all-home search passed nil to AppStore.items(in:) and returned no cross-home results.	Fixed: added Search All Items entry point, corrected AppStore all-home search source, kept SearchView empty-query results empty.	Passed: focused AppStoreSearchTests/SearchViewModelTests and CoreUserBehaviorUITests/testDedicatedSearchFindsAcrossHomesAndShowsEmptyStates	Search entry now lives in Home Picker utility panel; inline search remains the primary bottom search affordance for current-home filtering.
F059	Search	Search empty states	As a user, I want clear feedback before and after searching.	Dedicated SearchView shows "Search Your Items" for empty query with no results and "No Results" when a non-empty query matches nothing.	Cubby/Views/Search/SearchView.swift	CoreUserBehaviorUITests	Documented from code	UI test passed 2026-06-21 on iPhone 16e simulator	D010 fix required SearchView to avoid showing all items for empty all-home query after AppStore search correction.	Fixed: SearchView returns no results for empty trimmed query so the prompt state remains visible.	Passed focused dedicated-search UI retest	Home inline search has separate no-results copy.
F060	Search	Legacy SwiftData search model	As a maintainer, I want legacy SwiftData search behavior retained where still needed.	SearchViewModel debounces 300 ms, searches legacy InventoryItem title/description/tags, applies selected-home filter, sorts by relevance, and can clear search.	Cubby/ViewModels/SearchViewModel.swift	SearchViewModelTests	Legacy documented from code	Unit tests passed 2026-06-21 on iPhone 16e simulator	None recorded	Not needed	Passed focused unit retest	Production navigation uses AppStore/SearchView; this remains legacy SwiftData support.
F061	Pro and paywall	RevenueCat configuration	As a subscriber, I want Pro access derived from the correct entitlement.	ProAccessManager configures RevenueCat when available, reads entitlement "pro", tracks annual/monthly product identifiers, loads current offerings, and refreshes trial eligibility.	Cubby/Services/ProAccessManager.swift; Cubby/Config/Debug.xcconfig; Cubby/Config/Release.xcconfig	CubbyTests/ProAccessManagerTests.swift	Documented and partially covered	Passed local unit test; live RevenueCat not run	None recorded	No fix required	Passed local retest	Verified entitlement/product constants, XCTest bypass, Debug test key and Release production public SDK key; live customerInfo/offering load needs RevenueCat sandbox/network.
F062	Pro and paywall	Testing and preview tier overrides	As a tester, I want deterministic Pro/free states without RevenueCat network calls.	UI tests, previews, and XCTest bypass RevenueCat after key validation and default to Pro; FORCE_FREE_TIER and FORCE_PRO_TIER override in UI tests/previews/tests and DEBUG manual runs.	Cubby/Services/ProAccessManager.swift	ProPaywallTests; FeatureGateTests; CoreUserBehaviorUITests	Documented from code	UI and unit tests passed 2026-06-21 on iPhone 16e simulator using FORCE_PRO_TIER and FORCE_FREE_TIER	None recorded	Not needed	Passed partial	Still requires usable RevenueCat key in DEBUG.
F063	Pro and paywall	Pro status screen	As a user, I want to see and manage my subscription status.	ProStatusView shows Free/Pro status, plan name when active, Restore Purchases, Manage Subscription for active annual subscription, upgrade entry when not Pro, and legal links.	Cubby/Views/Pro/ProStatusView.swift; Cubby/Views/Home/HomeView.swift	CoreUserBehaviorUITests	Documented from code	UI test passed 2026-06-21 on iPhone 16e simulator for free status, restore/legal rows, upgrade entry, and paywall handoff	None recorded	Not needed	Passed focused UI retest	Manage Subscription and plan-name rows still need entitlement-backed StoreKit/RevenueCat state to validate active annual/monthly subscriptions.
F064	Pro and paywall	Paywall package display	As a user, I want clear subscription options.	ProPaywallSheetView loads offerings, filters to subscription packages, sorts annual before monthly, selects the first available package, shows annual best-value badge, price details, legal/compliance copy, terms, and privacy links.	Cubby/Views/Pro/ProPaywallSheetView.swift	ProPaywallTests	Documented from code	UI test passed 2026-06-21 on iPhone 16e simulator for visible benefits, CTA, terms, and privacy in item-limit paywall	None recorded	Not needed	Passed partial	Real RevenueCat package ordering/prices require sandbox/offering-backed validation.
F065	Pro and paywall	Paywall purchase	As a user, I want tapping the CTA to buy the selected Pro package.	The purchase button is disabled without a selected package or while purchasing; purchase calls RevenueCat; user-cancel leaves state; successful Pro entitlement dismisses the paywall; failure shows "Purchase failed. Please try again."	Cubby/Views/Pro/ProPaywallSheetView.swift; Cubby/Services/ProAccessManager.swift	ProPaywallTests	Documented and partially covered	Passed local UI test; live purchase not run	None recorded	No fix required	Passed local retest	Verified no-package CTA disabled in simulator; package-backed purchase, user-cancel, failure, and entitlement-dismiss paths require StoreKit/RevenueCat sandbox.
F066	Pro and paywall	Paywall restore and retry states	As a user, I want recovery options if products fail to load or purchases need restoring.	Paywall shows loading state, timeout/error retry UI with Try Again and Restore, restore messages from ProAccessManager, and disables restore while restoring.	Cubby/Views/Pro/ProPaywallSheetView.swift; Cubby/Services/ProAccessManager.swift	ProPaywallTests	Documented and partially covered	Passed local UI test; live restore not run	None recorded	No fix required	Passed local retest	Verified unavailable-options copy, Restore Purchase, 10-second timeout, Try Again, and Restore actions; real restored/no-purchases/failed messages require RevenueCat sandbox.
F067	Pro and paywall	Contextual paywall copy	As a user, I want upgrade messaging to match the blocked action.	PaywallContext reason drives copy for subscription required, home limit, item limit, over-limit, and manual upgrade; AddHome/AddItem gate alerts use matching copy.	Cubby/Services/PaywallContext.swift; Cubby/Views/Pro/ProPaywallSheetView.swift; Cubby/Views/Home/AddHomeView.swift; Cubby/Views/Items/AddItemView.swift	ProPaywallTests; CoreUserBehaviorUITests	Documented from code	UI tests passed 2026-06-21 on iPhone 16e simulator for item-limit and subscription-required copy	None recorded	Not needed	Passed partial	Home-limit, over-limit, and manual-upgrade reasons still need direct validation.
F068	Pro and paywall	Blocking subscription-required paywall	As a user in a hard-paywall scenario, I should not be able to dismiss the paywall without subscribing.	HARD_PAYWALL_PREVIEW initializes activePaywall to subscriptionRequired, hides the Close toolbar item, and applies interactiveDismissDisabled.	Cubby/Views/Home/HomeSearchContainer.swift; Cubby/Services/PaywallContext.swift; Cubby/Views/Pro/ProPaywallSheetView.swift	CoreUserBehaviorUITests	Dirty implementation documented from code	UI test passed 2026-06-21 on iPhone 16e simulator	None recorded	Not needed	Passed partial	Verified required copy and no Close button; gesture-based interactive dismissal still needs manual/device validation.
F069	Pro and paywall	Shared-home Pro upsell	As a free owner, I want to understand that sharing requires Pro.	FeatureGate returns upgradeRequired for owned homes when sharing is enabled but user is not Pro; HomeView share control opens manualUpgrade paywall.	Cubby/Services/FeatureGate.swift; Cubby/Views/Home/HomeView.swift	FeatureGateTests	Documented from code	Unit tests passed 2026-06-21 on iPhone 16e simulator	None recorded	Not needed	Passed partial	Feature gate is covered; HomeView upsell UI still needs direct validation.
F070	Shared homes	Shared homes runtime gate	As a developer, I want shared-home UI controlled by distribution/runtime/local flags.	SharedHomesGateService is enabled by default when distribution is enabled, honors SHARED_HOMES_ENABLED, FORCE_ENABLE_SHARED_HOMES, FORCE_DISABLE_SHARED_HOMES, and internal local overrides.	Cubby/Services/SharedHomesGateService.swift	SharedHomePermissionGatingTests; FeatureGateTests; CoreUserBehaviorUITests	Documented from code	Unit and mock-mode UI tests passed 2026-06-21 on iPhone 16e simulator	None recorded	Not needed	Passed partial	Environment key defaults to disabled unless injected; distribution/runtime combinations still need launch-matrix validation.
F071	Shared homes	Share home link	As a Pro home owner, I want to invite others to a home.	When sharing is allowed, Share Home prepares or reuses a CKShare, configures read-write public permission, waits for private-store export, resolves a share URL, and opens a share activity sheet.	Cubby/Views/Home/HomeView.swift; Cubby/Services/HomeSharingService.swift	HomeSharingServiceTests; HomeSharePresentationTests	Documented from code	Unit tests passed 2026-06-21 on iPhone 16e simulator	None recorded	Not needed	Passed partial	Service/presentation helpers are covered; actual share activity sheet and CloudKit export remain integration-level.
F072	Shared homes	Manage existing share	As a home owner, I want to manage an existing shared home.	If a selected owned home is already shared, the shared status row can open UICloudSharingController to manage participants; save/stop callbacks refresh AppStore.	Cubby/Views/Home/HomeView.swift; Cubby/Views/Home/CloudSharingControllerRepresentable.swift	CloudSharingControllerRepresentableTests; HomeSharePresentationTests	Documented from code	Unit tests passed 2026-06-21 on iPhone 16e simulator	None recorded	Not needed	Passed partial	HomeView presentation helper is covered; UICloudSharingController interaction remains integration-level.
F073	Shared homes	Share sheet branding	As an invite recipient, I want the share link to identify the Cubby home clearly.	Share activity uses title "Cubby Home: <home name>", item type "Home Inventory", and app icon thumbnail when available.	Cubby/Views/Home/HomeView.swift; Cubby/Views/Home/CloudSharingControllerRepresentable.swift	HomeSharePresentationTests	Documented from code	Unit tests passed 2026-06-21 on iPhone 16e simulator	None recorded	Not needed	Passed partial	Branding helper is covered; UIActivityViewController visual behavior still needs direct validation.
F074	Shared homes	Accept CloudKit invitation	As an invited collaborator, I want accepted iCloud shares added to Cubby.	AppDelegate handles application and scene CloudKit share metadata, resolves HomeSharingService, accepts the invitation into the shared persistent store, and logs/user-handles failures through SharingErrorHandler.	Cubby/AppDelegate.swift; Cubby/Services/HomeSharingService.swift	HomeSharingServiceTests; SharingErrorHandlerTests	Documented from code	Unit tests passed 2026-06-21 on iPhone 16e simulator	None recorded	Not needed	Passed partial	Real invite acceptance needs device/iCloud integration.
F075	Shared homes	Mock shared homes modes	As a developer, I want to preview owner/read-write/read-only shared-home UX without iCloud.	Debug mock modes resolve from launch args/env, make homes appear shared, produce mock share URLs, and assign owner/read-write/read-only/mixed permissions.	Cubby/Services/HomeSharingService.swift; Cubby/CubbyApp.swift	SharedHomePermissionGatingTests; HomePickerEditTests; CoreUserBehaviorUITests	Documented from code	UI and unit tests passed 2026-06-21 on iPhone 16e simulator for mixed-mode leave confirmation, read-only UI gates, and permission logic	None recorded	Not needed	Passed partial	Owner/read-write visual passes still need direct coverage.
F076	Shared homes	Shared permission badges	As a user, I want to know when a home is shared or shared with me.	Home picker rows and home header status rows show "Shared" for owned shared homes and "Shared with you" for collaborator homes; manage affordance appears only for owned homes with existing share.	Cubby/Views/Home/HomeView.swift	HomePickerEditTests; HomeSharePresentationTests; CoreUserBehaviorUITests	Documented from code	Unit presentation tests and mixed-mode/read-only UI affordance tests passed 2026-06-21 on iPhone 16e simulator	None recorded	Not needed	Passed partial	Badge text visibility still needs direct screenshot/manual assertion.
F077	Shared homes	Shared-home read-only gates	As a read-only collaborator, I should still view items but not create/edit/delete.	SharePermission.canViewItems is true, while canMutate-derived permissions block create locations, add items, edit items, and delete items; UI hides or disables mutation affordances.	Cubby/Services/HomeSharingService.swift; Cubby/Views/Home/AddLocationView.swift; Cubby/Views/Items/AddItemView.swift; Cubby/Views/Items/ItemDetailView.swift; Cubby/Views/Items/ItemEditView.swift	SharedHomePermissionGatingTests; CoreUserBehaviorUITests	Documented from code	UI and unit tests passed 2026-06-21 on iPhone 16e simulator for viewing item detail, hidden actions menu, and disabled AddItemView save	None recorded	Not needed	Passed partial	Add-location and edit-view disabled states still need direct UI validation.
F078	Shared homes	Sharing error handling	As a user, I want sharing failures explained in plain language.	SharingErrorHandler maps HomeSharingServiceError and CKError cases to user-facing messages, offline state, and retry decisions; HomeView shows Share Home Error alert.	Cubby/Services/SharingErrorHandler.swift; Cubby/Views/Home/HomeView.swift	SharingErrorHandlerTests	Documented from code	Unit tests passed 2026-06-21 on iPhone 16e simulator	None recorded	Not needed	Passed partial	Retry policy is covered; HomeView alert presentation still needs direct validation.
F079	Search and item cards	Item row display	As a user scanning a list, I want each row to summarize an item.	ItemRow shows a 48x48 emoji badge, title, optional one-line description, and optional location path when showLocation is true; tapping navigates to item detail.	Cubby/Views/Items/ItemRow.swift	CubbySnapshotTests; CoreUserBehaviorUITests	Documented from code	UI tests passed 2026-06-21 on iPhone 16e simulator for visible rows and tap-to-detail navigation	None recorded	Not needed	Passed partial	Dedicated search result row with showLocation true still needs direct validation.
F080	Data model	Inventory value model	As a maintainer, I want SwiftUI to work with value models instead of managed objects.	AppHome, AppStorageLocation, and AppInventoryItem carry IDs, names, dates, share state, location paths, tags, emoji, photo metadata, and computed canDelete/tagsSet helpers.	Cubby/AppData/AppModels.swift; Cubby/AppData/CoreDataAppRepository.swift	CoreDataAppRepositoryTests	Documented from code	Unit tests passed 2026-06-21 on iPhone 16e simulator	None recorded	Not needed	Passed	Repository value-model mapping is covered by unit tests.
F081	Data model	Legacy SwiftData models	As a maintainer, I want legacy models retained for migration and seeds.	Home, StorageLocation, and InventoryItem define SwiftData schema, relationships, fullPath, canDelete, canMoveTo, max nesting depth, tags, emoji, and photo metadata for migration/preview/source generation.	Cubby/Models/Home.swift; Cubby/Models/StorageLocation.swift; Cubby/Models/InventoryItem.swift	StorageLocationTests; DataMigrationTests	Documented from code	Unit tests passed 2026-06-21 on iPhone 16e simulator	None recorded	Not needed	Passed partial	Production runtime is Core Data AppStore path; live legacy-store upgrade remains integration-level.
F082	Validation	Item edit validation	As a user editing an item, I want invalid titles/descriptions called out before save.	ItemEditView uses ValidationHelpers to reject empty titles, titles over 200 characters, and descriptions over 1000 characters, showing footer messages and disabling Save.	Cubby/Views/Items/ItemEditView.swift; Cubby/Utils/ValidationHelpers.swift	CoreUserBehaviorUITests	Documented from code	UI test passed 2026-06-21 on iPhone 16e simulator showing the overlong-title error and disabling Save	None recorded	Not needed	Passed partial	AddItemView only disables blank title and does not show length validation; overlong description still needs direct UI validation.
F083	Validation	Home and location validation helpers	As a maintainer, I want reusable validation for names and nesting.	ValidationHelpers include SwiftData-oriented checks for home name, location name, duplicate sibling location names, nesting depth, item title/description, and photo size.	Cubby/Utils/ValidationHelpers.swift	StorageLocationTests; TagTests partially	Legacy helper documented from code	Unit tests passed 2026-06-21 on iPhone 16e simulator for related storage/tag constraints	None recorded	Not needed	Passed partial	Need verify which helpers are active in current production views.
F084	Tests and snapshots	App Store screenshots	As a developer, I want reproducible snapshot screens for App Store media.	CubbySnapshotTests captures onboarding, home, item detail, and add item states using UI-TESTING/SNAPSHOT_ONBOARDING/SEED_MOCK_DATA arguments.	CubbyUITests/CubbySnapshotTests.swift	CubbySnapshotTests	Documented from code	UI snapshot tests passed 2026-06-21 on iPhone 16e simulator	None recorded	Not needed	Passed	Legacy Fastlane snapshot config still exists but ASC/Xcode Cloud is current release tooling.
F085	Tests and snapshots	Focused UI behavior tests	As a maintainer, I want automated coverage for core UI workflows.	Existing UI tests cover basic launch, storage location picker, home picker edit/delete/leave, Pro paywall visual path, missing local photo, home-section collapse, onboarding submission, empty state, inline search, item add/edit/delete/undo, add-home, read-only sharing gates, location detail, move item, tag suggestions, edit validation, hard-paywall preview, recovery launch states, migration recovery alert, and paywall retry states.	CubbyUITests/*.swift	CubbyUITests suite	Documented and expanded	Passed 2026-06-21 on iPhone 16e simulator: 30 logical tests passed, 0 failed; xcresult reported 33 device/configuration executions	D003: Initial new UI tests used stale/over-specific automation labels for search close and blocking paywall CTA; app behavior was valid. D008: Full parallel UI target once left onboarding on screen after a Get Started tap while the keyboard was focused.	Hardened CoreUserBehaviorUITests, including keyboard Done onboarding submission with visible-button fallback, and reran focused plus full UI suite.	Passed after test hardening	Full UI retest xcresult 2026.06.21_14-01-18 passed; no warning lines in /tmp/cubby-ui-full-final.log.
F086	Tests and snapshots	Focused unit tests	As a maintainer, I want behavior-level unit coverage for persistence, gates, sharing, migration, tags, CloudKit settings, launch selection, search, photos, emoji, Pro configuration, and app-state recovery.	Existing Swift Testing files cover services/repositories/models, feature gates, sharing permissions, CloudKit sync state/settings/startup, migration, tags, remote-change handling, home/location selection, photo persistence/cleanup, emoji fallback/coordinator, and ProAccessManager constants/bypass.	CubbyTests/*.swift	CubbyTests suite	Documented and expanded	Passed 2026-06-21 on iPhone 16e simulator: 194 passed, 0 failed	D001 found in first run: 171 passed, 2 failed in CloudSyncCoordinatorTests before fix. D007: RemoteChangeHandlerTests used fixed sleeps and failed once in full-suite timing when the merge notification had not arrived yet. D011: AppStorePhotoTests initially shared photo files across parallel tests.	Fixed D001, D007, and D011; added focused search, photo, emoji, recovery, and ProAccessManager tests.	Passed after fixes	Full-unit retest xcresult 2026.06.21_14-00-29 passed; log only had Xcode AppIntents metadata-skip warnings from test targets.
F087	Build hygiene	Warning-free simulator build	As a maintainer, I want local simulator builds to be free of avoidable asset-catalog warnings.	xcodebuild for the Cubby scheme should complete without unassigned image-set children or other avoidable build warnings.	Cubby/Assets.xcassets/Icons/*.imageset/Contents.json	xcodebuild build	Documented from build audit	Passed 2026-06-21 on iPhone 16e simulator	D002: Icon image sets had 2x/3x PNG files on disk but missing filename entries in Contents.json, producing unassigned-children asset warnings.	Fixed in four icon Contents.json files	Passed after rebuild	Resolved for mingcute-down-line, pajamas-arrow-right, pajamas-reply, and pajamas-search; final test logs have no asset-catalog warning lines, only Xcode AppIntents metadata-skip warnings in unit build.
